ID,Year,Month,DayofMonth,DepTime,CRSDepTime,ArrTime,CRSArrTime,FlightNum,TailNum,ActualElapsedTime,CRSElapsedTime,AirTime,ArrDelay,DepDelay,Origin,Dest,Distance
1,2018,8,3,2003,1955,2211,2225,335,N712SW,128,150,116,-14,8,DXB,CAI,810
2,2018,8,3,754,735,1002,1000,3231,N772SW,128,145,113,2,19,CAI,DXB,810
3,2018,8,3,628,620,804,750,448,N428WN,96,90,76,14,8,IND,BWI,515
4,2018,8,3,926,930,1054,1100,1746,N612SW,88,90,78,-q6,-4,IND,BWI,515
5,2018,8,3,1829,1755,1959,1925,3920,N464WN,90,90,77,34,34,IND,BWI,515